[
        
    {
        "id" : "1",
        "firstname" : "Yatora",
        "lastname" : "Yaguchi",
        "picture":"https://i.pinimg.com/564x/02/9e/e2/029ee2aa641954ab625b73b73664d592.jpg"
    },

    {   
        "id" : "2",
        "firstname" : "Yotasuke",
        "lastname" : "Takahashi",
        "picture":"https://i.pinimg.com/564x/39/82/8b/39828b839e144038a07804f0bafb7d53.jpg"
    },

    {   
        "id" : "3",
        "firstname" : "Jake",
        "lastname" : "The suiside",
        "picture":"https://i.pinimg.com/736x/4d/35/f0/4d35f0c0db1e126f7f12bb9413b84a84.jpg"
    },

    {   
        "id" : "4",
        "firstname" : "L",
        "lastname" : "",
        "picture":"https://i.pinimg.com/564x/59/90/76/599076a8c28b55fbc2a77f5443191b4f.jpg"
    },

    {   
        "id" : "5",
        "firstname" : "Light",
        "lastname" : "Yagami",
        "picture":"https://i.pinimg.com/564x/35/e6/b2/35e6b225258a424a4cdb5bcbf80e43f5.jpg"
    },

    {   
        "id" : "6",
        "firstname" : "JohnyJohny",
        "lastname" : "YesPaPa",
        "picture":"https://i.pinimg.com/564x/72/d7/cc/72d7cc32e51ef9c829011bb9bf84f36a.jpg"
    }
        
]
