[
    {
        "name" : "Deathnote",
        "description" : "L",
        "title" : "L",
        "price" : "125",
        "brand" : "NED",
        "category" : "mangaHorror",
        "stock" : "51",
        "rating" : "4.9",
        "images" : "https://m.media-amazon.com/images/I/812k3BWrksL._AC_UF1000,1000_QL80_.jpg",
        "customer" : "C",
        "cost" : "1000"
    },

    {
        "name" : "Deathnote",
        "description" : "manga 2",
        "title" : "L2",
        "price" : "125",
        "brand" : "NED",
        "category" : "mangaHorror",
        "stock" : "27",
        "rating" : "5.0",
        "images" : "https://m.media-amazon.com/images/I/81-DZ6RdUdL._AC_UF1000,1000_QL80_.jpg",
        "customer" : "B",
        "cost" : "200"
    },

    {
        "name" : "Sakamotoday",
        "description" : "killer",
        "title" : "killer",
        "price" : "90",
        "brand" : "Shonen",
        "category" : "mangaAction",
        "stock" : "53",
        "rating" : "4.8",
        "images" : "https://cdn-local.mebmarket.com/meb/server1/220365/Thumbnail/book_detail_large.gif?2",
        "customer" : "C",
        "cost" : "44000"
    },

    {
        "name" : "Mob psycho 100",
        "description" : "psycho",
        "title" : "psycho100",
        "price" : "55",
        "brand" : "siam inter comic",
        "category" : "mangaComeby",
        "stock" : "41",
        "rating" : "4.5",
        "images" : "https://i.ebayimg.com/images/g/0g0AAOSwpFlj7ddM/s-l1600.jpg",
        "customer" : "B",
        "cost" : "10000"
    },

    {
        "name" : "Doraemon",
        "description" : "Doraemon & Nobita",
        "title" : "Doraemon1",
        "price" : "50",
        "brand" : "Shonen",
        "category" : "mangaComeby",
        "stock" : "46",
        "rating" : "5.0",
        "images" : "https://m.media-amazon.com/images/I/71+sfRzcuvL._AC_UF1000,1000_QL80_.jpg",
        "customer" : "A",
        "cost" : "6500"
    },

    {
        "name" : "Doraemon2",
        "description" : "Hamberger",
        "title" : "Doraemon2",
        "price" : "75",
        "brand" : "Shonen",
        "category" : "mangaComeby",
        "stock" : "59",
        "rating" : "5.0",
        "images" : "https://m.media-amazon.com/images/I/81HI91ESunL._AC_UF1000,1000_QL80_.jpg",
        "customer" : "A",
        "cost" : "1020"
    }
]